a0,b1,c2,d3,e4,f5,
1,enter_hub_day_5_in_a_row,5,13,,,
2,enter_hub_day_4_in_a_row,5,13,,,
3,enter_hub_day_3_in_a_row,5,13,,,
4,enter_hub_day_2_in_a_row,5,13,,,
5,daily_ch_1v1_wins,1,7,,,
6,daily_ch_commend,1,10,,,
7,daily_ch_receive_commend,1,10,,,
8,daily_ch_shootout_wins,1,9,,,
9,daily_ch_theater_watch,1,11,,,
10,daily_ch_kills,1,1,,,
11,daily_ch_headshots,1,1,(6:1),,
12,daily_ch_dom_wins,1,5,,,
13,daily_ch_tdm_wins,1,5,,,
14,daily_ch_killstreak,1,4,,,
15,daily_ch_dom_caps,1,3,,,
16,daily_ch_shovel_kills,1,1,(1:10),,
17,daily_ch_dive_kill,1,1,(5:1),,
18,daily_ch_grenade_tires,1,8,,,
19,daily_ch_watch_sd,1,12,,,
20,weekly_ch_kills_tdm,2,3,,,
21,daily_ch_silenced_smg,1,1,(130:4)&&(130:128),,
22,daily_ch_tactical_kills,1,1,(8:1),,
23,daily_ch_pos_kd_hp,1,5,,,
24,weekly_ch_range_sequence,2,8,,,
25,weekly_ch_scorestreak_calls,2,4,,,
26,weekly_ch_flak_gun_event,2,6,,,
27,weekly_ch_fire_kills,2,1,(3:1),,
28,weekly_ch_war_party_win,2,5,,,
29,weekly_ch_kills,2,1,,,
30,weekly_ch_wins,2,5,,,
31,weekly_challenge_8,2,1,,,
32,weekly_challenge_9,2,1,,,
33,contract_mp_1,4,5,,,
34,contract_mp_2,4,1,(6:1),,
35,contract_mp_3,4,2,,,
36,daily_ch_dragons_breath_kills,1,1,(130:32),,
37,daily_ch_equipment_kills,1,1,(1:8)||(1:9),,
38,daily_ch_3_scorestreak_streak,1,4,,,
39,daily_ch_pass_hidden_item,1,10,,,
40,daily_ch_collect_enemy_tags,1,3,,,
41,daily_ch_multi_grenade_kill,1,2,,,
42,daily_ch_bayonet_charge_kills,1,1,(130:2),,
43,daily_ch_3_1_kd,1,5,,,
44,special_ch_range_sequence,3,8,,,
45,daily_ch_assault_kills,1,1,(1:1),,
46,daily_ch_smg_kills,1,1,(1:2),,
47,daily_ch_lmg_kills,1,1,(1:3),,
48,daily_ch_shotgun_kills,1,1,(1:4),,
49,daily_ch_pistol_kills,1,1,(1:6),,
50,daily_ch_launcher_kills,1,1,(1:7),,
51,daily_ch_onevonve_perfect_win,1,7,,,
52,track_consecutive_logins,5,13,,,
53,receive_commendation,5,10,,,
54,played_during_winter_window1,5,13,,,
55,played_during_winter_window2,5,13,,,
56,played_during_winter_window3,5,13,,,
57,played_during_winter_window4,5,13,,,
58,division_resistance_prestige_1,5,11,,,
59,division_resistance_prestige_2,5,11,,,
60,division_resistance_prestige_3,5,11,,,
61,division_resistance_prestige_4,5,11,,,
62,emblem_vote_received,5,33,,,
63,paintjob_vote_received,5,33,,,
64,survivalist_country_gear_bitfield_zm,5,16,,,
65,survivalist_bat_gear_bitfield_zm,5,16,,,
66,survivalist_blood_gear_bitfield_zm,5,16,,,
67,hunter_country_gear_bitfield_zm,5,16,,,
68,hunter_bat_gear_bitfield_zm,5,16,,,
69,hunter_blood_gear_bitfield_zm,5,16,,,
70,mountaineer_country_gear_bitfield_zm,5,16,,,
71,mountaineer_bat_gear_bitfield_zm,5,16,,,
72,mountaineer_blood_gear_bitfield_zm,5,16,,,
73,slayer_country_gear_bitfield_zm,5,16,,,
74,slayer_bat_gear_bitfield_zm,5,16,,,
75,slayer_blood_gear_bitfield_zm,5,16,,,
76,played_during_resistance_window1,5,13,,,
77,played_during_resistance_window2,5,13,,,
78,played_during_resistance_window3,5,13,,,
79,played_during_resistance_window4,5,13,,,
80,played_during_resistance_window5,5,13,,,
83,zom_dlc2_rune_camo,5,16,,,
84,player_master_prestige_ranks,5,14,,,
87,player_level_2,5,14,,,
88,player_level_3,5,14,,,
89,player_level_4,5,14,,,
90,player_level_5,5,14,,,
91,player_level_6,5,14,,,
92,player_level_7,5,14,,,
93,player_level_8,5,14,,,
94,player_level_9,5,14,,,
95,player_level_10,5,14,,,
96,player_level_11,5,14,,,
97,player_level_12,5,14,,,
98,player_level_13,5,14,,,
99,player_level_14,5,14,,,
100,player_level_15,5,14,,,
101,player_level_16,5,14,,,
102,player_level_17,5,14,,,
103,player_level_18,5,14,,,
104,player_level_19,5,14,,,
105,player_level_20,5,14,,,
106,player_level_21,5,14,,,
107,player_level_22,5,14,,,
108,player_level_23,5,14,,,
109,player_level_24,5,14,,,
110,player_level_25,5,14,,,
111,player_level_26,5,14,,,
112,player_level_27,5,14,,,
113,player_level_28,5,14,,,
114,player_level_29,5,14,,,
115,player_level_30,5,14,,,
116,player_level_31,5,14,,,
117,player_level_32,5,14,,,
118,player_level_33,5,14,,,
119,player_level_34,5,14,,,
120,player_level_35,5,14,,,
121,player_level_36,5,14,,,
122,player_level_37,5,14,,,
123,player_level_38,5,14,,,
124,player_level_39,5,14,,,
125,player_level_40,5,14,,,
126,player_level_41,5,14,,,
127,player_level_42,5,14,,,
128,player_level_43,5,14,,,
129,player_level_44,5,14,,,
130,player_level_45,5,14,,,
131,player_level_46,5,14,,,
132,player_level_47,5,14,,,
133,player_level_48,5,14,,,
134,player_level_49,5,14,,,
135,player_level_50,5,14,,,
136,player_level_51,5,14,,,
137,player_level_52,5,14,,,
138,player_level_53,5,14,,,
139,player_level_54,5,14,,,
140,player_level_55,5,14,,,
141,contract_20_kills_tdm,4,1,(2:1),,
142,contract_5_headshots_tdm_dlc1,4,1,(2:1)&&(6:1),,
143,contract_35_division_skill_airborne,4,1,(130:4),,
144,contract_15_kills_tdm,4,1,(2:1),,
145,contract_25_kills_tdm,4,1,(2:1),,
146,contract_55_kills_tdm,4,1,(2:1),,
147,contract_65_kills_tdm,4,1,(2:1),,
148,contract_35_kills_dlc1,4,1,,,
149,contract_45_kills,4,1,,,
150,contract_100_kills,4,1,,,
151,contract_130_kills,4,1,,,
152,contract_15_kills_dom,4,1,(2:2),,
153,contract_25_kills_dom,4,1,(2:2),,
154,contract_55_kills_dom,4,1,(2:2),,
155,contract_75_kills_dom,4,1,(2:2),,
156,contract_20_kills_hp,4,1,(2:3),,
157,contract_35_kills_hp,4,1,(2:3),,
158,contract_50_kills_hp,4,1,(2:3),,
159,contract_95_kills_hp,4,1,(2:3),,
160,contract_1_headshots_tdm,4,1,(2:1)&&(6:1),,
161,contract_2_headshots_tdm,4,1,(2:1)&&(6:1),,
162,contract_4_headshots_tdm,4,1,(2:1)&&(6:1),,
163,contract_6_headshots_tdm,4,1,(2:1)&&(6:1),,
164,contract_9_headshots,4,1,(6:1),,
165,contract_3_headshots,4,1,(6:1),,
166,contract_5_headshots,4,1,(6:1),,
167,contract_13_headshots,4,1,(6:1),,
168,contract_1_headshots_dom,4,1,(2:2)&&(6:1),,
169,contract_2_headshots_dom,4,1,(2:2)&&(6:1),,
170,contract_4_headshots_dom,4,1,(2:2)&&(6:1),,
171,contract_6_headshots_dom,4,1,(2:2)&&(6:1),,
172,contract_1_headshots_hp,4,1,(2:3)&&(6:1),,
173,contract_3_headshots_hp,4,1,(2:3)&&(6:1),,
174,contract_4_headshots_hp,4,1,(2:3)&&(6:1),,
175,contract_7_headshots_hp,4,1,(2:3)&&(6:1),,
176,contract_10_kills_tdm,4,1,(2:1),,
177,contract_10_kills,4,1,,,
178,contract_10_kills_dom,4,1,(2:2),,
179,contract_10_kills_hp,4,1,(2:3),,
180,contract_35_kills_war,4,1,(2:5),,
181,contract_35_kills_tdm,4,1,(2:1),,
182,contract_35_kills_dom,4,1,(2:2),,
183,contract_40_kills_hp,4,1,(2:3),,
184,contract_55_kills_war,4,1,(2:5),,
185,contract_20_kills_tdm_long,4,1,(2:1),,
186,contract_25_kills_dom_long,4,1,(2:2),,
187,contract_30_kills_hp,4,1,(2:3),,
188,contract_55_kills_war_dlc1,4,1,(2:5),,
189,contract_1_headshots_tdm_short,4,1,(2:1)&&(6:1),,
190,contract_1_headshots_short,4,1,(6:1),,
191,contract_1_headshots_dom_short,4,1,(2:2)&&(6:1),,
192,contract_1_headshots_hp_short,4,1,(2:3)&&(6:1),,
193,contract_1_headshots_war,4,1,(2:5)&&(6:1),,
194,contract_3_headshots_tdm_short,4,1,(2:1)&&(6:1),,
195,contract_5_headshots_dom_dlc1,4,1,(2:2)&&(6:1),,
196,contract_3_headshots_hp_short,4,1,(2:3)&&(6:1),,
197,contract_4_headshots_war,4,1,(2:5)&&(6:1),,
198,contract_1_headshots_tdm_long,4,1,(2:1)&&(6:1),,
199,contract_2_headshots_dom_long,4,1,(2:2),,
200,contract_2_headshots_hp,4,1,(2:3)&&(6:1),,
201,contract_2_headshots_war,4,1,(2:5)&&(6:1),,
202,contract_25_kills_rifle,4,1,(1:1),,
203,contract_25_kills_smg,4,1,(1:2),,
204,contract_25_kills_lmg,4,1,(1:3),,
205,contract_25_kills_shotgun,4,1,(1:4),,
206,contract_3_multikills,4,2,,,
207,contract_10_kills_shovel,4,1,(1:10),,
208,contract_10_kills_dive,4,1,(5:1),,
209,daily_ch_sniper_kills,1,1,(1:5),,
210,daily_ch_assault_headshots,1,1,(1:1)&&(6:1),,
211,daily_ch_sniper_headshots,1,1,(1:5)&&(6:1),,
212,daily_ch_lmg_headshots,1,1,(1:3)&&(6:1),,
213,daily_ch_destroy_scorestreaks,1,4,,,
214,daily_ch_play_of_the_game,1,5,,,
215,daily_ch_tdm_first,1,5,,,
216,daily_ch_tdm_kd,1,5,,,
217,daily_ch_dom_first,1,5,,,
218,daily_ch_dom_multikill,1,2,,,
219,daily_ch_ffa_first,1,5,,,
220,daily_ch_ffa_kd,1,5,,,
221,daily_ch_ffa_killer,1,1,(2:6),,
222,daily_ch_kc_wins,1,5,,,
223,daily_ch_collect_ally_tags,1,3,,,
224,daily_ch_kc_spy,1,3,,,
225,daily_ch_ctf_wins,1,5,,,
226,daily_ch_ctf_caps,1,,,,
227,daily_ch_ctf_recovers,1,,,,
228,daily_ch_ctf_kill_carriers,1,3,,,
229,daily_ch_hp_wins,1,5,,,
230,daily_ch_hp_time,1,,,,
231,daily_ch_hp_kills_on_point,1,3,,,
232,daily_ch_sd_wins,1,5,,,
233,daily_ch_sd_plants,1,1,,,
234,daily_ch_sd_survivor,1,1,,,
235,daily_ch_sd_killer,1,3,,,
236,daily_ch_gridiron_wins,1,5,,,
237,daily_ch_gridiron_carrier_kill,1,1,,,
238,daily_ch_gridiron_ball_kill,1,1,,,
239,daily_ch_gridiron_touchdowns,1,3,,,
240,daily_ch_war_wins,1,5,,,
241,daily_ch_war_build_turrets,1,1,,,
242,daily_ch_war_construct,1,3,,,
243,daily_ch_war_turret_kills,1,1,(1:12)&&(2:5),,
244,daily_ch_war_tank_kills,1,1,(1:13)&&(2:5),,
245,daily_ch_war_triple_grenade,1,2,,,
246,daily_ch_hub_targets,1,8,,,
247,weekly_ch_infantry_kills,2,1,(130:64),,
248,weekly_ch_airborne_kills,2,1,(130:128),,
249,weekly_ch_armored_kills,2,1,(130:256),,
250,weekly_ch_mountain_kills,2,1,(130:512),,
251,weekly_ch_expeditionary_kills,2,1,(130:1024),,
252,daily_ch_sniper_no_scope,1,1,,,
253,daily_ch_sniper_360_no_scope,1,1,,,
254,daily_ch_armored_skill,1,1,(130:8),,
255,daily_ch_sniper_skill,1,1,(130:16),,
256,daily_ch_air_kills,1,1,,,
257,daily_ch_melee_behind,1,1,,,
258,daily_ch_near_death_kills,1,1,,,
259,daily_ch_pick_up_kills,1,1,,,
260,weekly_ch_rank_up,2,14,,,
261,weekly_ch_marathon,2,,,,
262,weekly_ch_small_party,2,5,,,
263,weekly_ch_onevone_wins,2,7,,,
264,weekly_ch_commend_prestige,2,10,,,
265,weekly_ch_long_range_kills,2,1,(128:8),,
266,weekly_ch_explosive_kills,2,1,(3:3),,
267,weekly_ch_zombie_rounds,2,,,,
268,weekly_ch_war_strategist,2,5,,,
269,daily_ch_assists,1,32,,,
270,daily_ch_first_blood,1,1,,,
271,daily_ch_ctf_flags,1,3,,,
272,daily_ch_dom_points,1,3,,,
273,daily_ch_touchdowns,1,3,,,
274,daily_ch_ctf_flag_recovers,1,3,,,
275,daily_ch_ball_carriers,1,3,,,
276,player_zm_level_2,5,14,,,
277,player_zm_level_3,5,14,,,
278,player_zm_level_4,5,14,,,
279,player_zm_level_5,5,14,,,
280,player_zm_level_6,5,14,,,
281,player_zm_level_7,5,14,,,
282,player_zm_level_8,5,14,,,
283,player_zm_level_9,5,14,,,
284,player_zm_level_10,5,14,,,
285,player_zm_level_11,5,14,,,
286,player_zm_level_12,5,14,,,
287,player_zm_level_13,5,14,,,
288,player_zm_level_14,5,14,,,
289,player_zm_level_15,5,14,,,
290,player_zm_level_16,5,14,,,
291,player_zm_level_17,5,14,,,
292,player_zm_level_18,5,14,,,
293,player_zm_level_19,5,14,,,
294,player_zm_level_20,5,14,,,
295,player_zm_level_21,5,14,,,
296,player_zm_level_22,5,14,,,
297,player_zm_level_23,5,14,,,
298,player_zm_level_24,5,14,,,
299,player_zm_level_25,5,14,,,
300,player_zm_level_26,5,14,,,
301,player_zm_level_27,5,14,,,
302,player_zm_level_28,5,14,,,
303,player_zm_level_29,5,14,,,
304,player_zm_level_30,5,14,,,
305,player_zm_level_31,5,14,,,
306,player_zm_level_32,5,14,,,
307,player_zm_level_33,5,14,,,
308,player_zm_level_34,5,14,,,
309,player_zm_level_35,5,14,,,
310,player_zm_level_36,5,14,,,
311,player_zm_level_37,5,14,,,
312,player_zm_level_38,5,14,,,
313,player_zm_level_39,5,14,,,
314,player_zm_level_40,5,14,,,
315,player_zm_level_41,5,14,,,
316,player_zm_level_42,5,14,,,
317,player_zm_level_43,5,14,,,
318,player_zm_level_44,5,14,,,
319,player_zm_level_45,5,14,,,
320,hit_social_rank_2,5,27,,,
321,hit_social_rank_3,5,27,,,
322,hit_social_rank_4,5,27,,,
323,hit_social_rank_5,5,27,,,
324,hit_social_rank_6,5,27,,,
325,hit_social_rank_7,5,27,,,
326,hit_social_rank_8,5,27,,,
327,hit_social_rank_9,5,27,,,
328,hit_social_rank_10,5,27,,,
329,hit_social_rank_11,5,27,,,
330,hit_social_rank_12,5,27,,,
331,hit_social_rank_13,5,27,,,
332,hit_social_rank_14,5,27,,,
333,hit_social_rank_15,5,27,,,
334,hit_social_rank_16,5,27,,,
335,hit_social_rank_17,5,27,,,
336,hit_social_rank_18,5,27,,,
337,hit_social_rank_19,5,27,,,
338,hit_social_rank_20,5,27,,,
339,annual_anniversary_login,5,13,,,
340,watch_sd_opening,5,12,,,
341,daily_2xp_limit,5,13,,,
342,win_5_raidgames,5,5,,,
343,enter_hub_day_1_in_a_row,5,13,,,
344,killed_boss_zm,5,16,,,
345,payroll_officer,5,18,,,
346,player_zm_level_1,5,14,,,
347,zm_stpatrick_weezombie_1,5,39,,,
348,zm_stpatrick_weezombie_2,5,39,,,
349,zm_stpatrick_weezombie_3,5,39,,,
350,surgeon_gear_bitfield_zm,5,16,,,
351,rebel_gear_bitfield_zm,5,16,,,
352,player_level_1,5,14,,,
353,hq_tutorial_complete,5,26,,,
354,hq_onboard_cacequip_complete,5,20,,,
355,hq_onboard_phase1_complete,5,21,,,
356,hq_onboard_phase2_complete,5,22,,,
357,hq_onboard_phase3_complete,5,23,,,
358,hq_onboard_1v1_complete,5,7,,,
359,hq_onboard_streaktraining_complete,5,24,,,
360,hq_onboard_commend_complete,5,10,,,
361,hq_onboard_supply_complete,5,12,,,
362,hq_onboard_orders_complete,5,25,,,
363,treasure_gear_bitfield_zm,5,16,,,
364,starter_kit_zm,5,16,,,
365,raven_gear_bitfield_zm,5,16,,,
366,assassin_gear_bitfield_zm,5,16,,,
367,urban_survivalist_gear_bitfield_zm,5,16,,,
368,mountain_man_gear_bitfield_zm,5,16,,,
369,bat_elite_gear_bitfield_zm,5,16,,,
370,above_beyond_daily,5,17,,,
371,above_beyond_weekly,5,17,,,
372,flak_gun_event_crates_saved,5,6,,,
373,participate_1v1,5,7,,,
374,participate_shootout,5,9,,,
375,opened_sd,5,12,,,
376,player_prestige_1,5,11,,,
377,division_prestiged,5,11,,,
378,hit_social_rank_1,5,27,,,
379,hq_onboard_collection_buy,5,11,,,
380,sp_helmet,5,28,,,
381,zm_helmet,5,28,,,
382,player_prestige_2,5,11,,,
383,player_prestige_3,5,11,,,
384,player_prestige_4,5,11,,,
385,player_prestige_5,5,11,,,
386,player_prestige_6,5,11,,,
387,player_prestige_7,5,11,,,
388,player_prestige_8,5,11,,,
389,player_prestige_9,5,11,,,
390,player_prestige_10,5,11,,,
391,player_prestige_11,5,11,,,
392,division_mountain_prestige_1,5,11,,,
393,division_mountain_prestige_2,5,11,,,
394,division_mountain_prestige_3,5,11,,,
395,division_mountain_prestige_4,5,11,,,
396,division_infantry_prestige_1,5,11,,,
397,division_infantry_prestige_2,5,11,,,
398,division_infantry_prestige_3,5,11,,,
399,division_infantry_prestige_4,5,11,,,
400,division_airborne_prestige_1,5,11,,,
401,division_airborne_prestige_2,5,11,,,
402,division_airborne_prestige_3,5,11,,,
403,division_airborne_prestige_4,5,11,,,
404,division_expeditionary_prestige_1,5,11,,,
405,division_expeditionary_prestige_2,5,11,,,
406,division_expeditionary_prestige_3,5,11,,,
407,division_expeditionary_prestige_4,5,11,,,
408,division_armored_prestige_1,5,11,,,
409,division_armored_prestige_2,5,11,,,
410,division_armored_prestige_3,5,11,,,
411,division_armored_prestige_4,5,11,,,
412,daily_ch_ranked_ends,1,5,,,
413,daily_ch_ranked_wins,1,5,,,
414,daily_ch_ranked_wins_in_row,1,5,,,
415,weekly_ch_ranked_ends,2,5,,,
416,weekly_ch_ranked_wins,2,5,,,
417,weekly_ch_ranked_wins_row_solo,2,5,,,
418,played_at_launch,5,13,,,
419,player_zm_prestige_1,5,11,,,
420,player_zm_prestige_2,5,11,,,
421,player_zm_prestige_3,5,11,,,
422,player_zm_prestige_4,5,11,,,
423,player_zm_prestige_5,5,11,,,
424,player_zm_prestige_6,5,11,,,
425,player_zm_prestige_7,5,11,,,
426,player_zm_prestige_8,5,11,,,
427,player_zm_prestige_9,5,11,,,
428,player_zm_prestige_10,5,11,,,
429,player_zm_prestige_11,5,11,,,
430,daily_ch_war_kills_45,1,3,,,
431,weekly_ch_objective_wins,2,5,,,
432,weekly_ch_multi_kill,2,2,,,
433,special_ch_early_adopter,3,5,,,
434,rankedplay_s1_r1,5,31,,,
435,rankedplay_s1_r2,5,31,,,
436,rankedplay_s1_r3,5,31,,,
437,rankedplay_s1_r4,5,31,,,
438,rankedplay_s1_r5,5,31,,,
439,rankedplay_s1_r6,5,31,,,
440,rankedplay_s1_r7,5,31,,,
441,daily_ch_crouch_prone_kills,1,1,(128:8192)||(128:16384),,
442,daily_ch_anti_crouch_prone,1,1,(129:8)||(129:16),,
443,daily_ch_bullet_pen_kills,1,1,(3:4),,
444,daily_ch_stick_kills,1,1,(128:64),,
445,daily_ch_backfire_kills,1,1,(128:32),,
446,daily_ch_payback_kills,1,1,(128:16),,
447,daily_ch_kingslayer_kills,1,1,(129:4),,
448,daily_ch_longshot_medals,1,1,(128:8),,
449,daily_ch_throwback_kills,1,1,(128:2),,
450,daily_ch_no_rifle_infantry,1,1,(128:128),,
451,daily_ch_no_smg_airborne,1,1,(128:256),,
452,daily_ch_no_lmg_armored,1,1,(128:512),,
453,daily_ch_no_sniper_mountain,1,1,(128:1024),,
454,daily_ch_no_shotgun_expeditionary,1,1,(128:2048),,
455,daily_ch_gun_game_wins,1,5,,,
456,daily_ch_supply_drop_group,1,12,,,
457,weekly_ch_winter_infantry_kills,2,1,(128:4096)&&(130:64),,
458,weekly_ch_winter_airborne_kills,2,1,(128:4096)&&(130:128),,
459,weekly_ch_winter_armored_kills,2,1,(128:4096)&&(130:256),,
460,weekly_ch_winter_mountain_kills,2,1,(128:4096)&&(130:512),,
461,weekly_ch_winter_expeditionary_kills,2,1,(128:4096)&&(7:1024),,
462,weekly_ch_winter_fire_kills,2,1,(128:4096)&&(3:1),,
463,daily_ch_streak_training,1,11,,,
464,weekly_ch_dom_kills,2,1,(2:2),,
465,weekly_ch_hp_kills,2,1,(2:3),,
466,daily_ch_gun_game_multikill,1,2,,,
467,contract_ch_winter_bribe,4,5,,,
468,contract_70_kills_gungame,4,1,(2:10),,
469,contract_ch_winter_triple_play,4,5,,,
470,contract_ch_winter_frontlines,4,5,,,
471,contract_65_kills_kc,4,1,(2:4),,
472,daily_ch_play_hardcore,1,5,,,
473,daily_ch_play_ctf,1,5,,,
474,daily_ch_play_gridiron,1,5,,,
475,daily_ch_play_kc,1,5,,,
476,daily_ch_play_sd,1,5,,,
477,daily_ch_play_ffa,1,5,,,
478,special_ch_sten,3,5,,,
479,special_ch_gewehr43,3,5,,,
480,special_ch_gpmg,3,5,,,
481,special_ch_icepick,3,5,,,
482,special_ch_trenchknife,3,5,,,
483,contract_ch_epic_drop,4,5,,,
484,daily_ch_winter_bribe_2x,1,5,,,
485,daily_ch_demo_wins_dlc1,1,5,,,
486,daily_ch_demo_plants_dlc1,1,3,,,
487,daily_ch_demo_kills_dlc1,1,1,(2:11),,
488,daily_ch_demo_defuse_dlc1,1,3,,,
489,daily_ch_gungame_kills_dlc1,1,1,(2:10),,
490,daily_ch_gungame_wins_dlc1,1,5,,,
491,daily_ch_gungame_multikills_dlc1,1,2,,,
492,daily_ch_gungame_setbacks_dlc1,1,1,(2:10)&&(3:2),,
493,weekly_ch_play_demo_dlc1,2,5,,,
494,weekly_ch_multikills_dlc1,2,2,,,
495,weekly_ch_resistance_skill_dlc1,2,1,(130:2048),,
496,weekly_ch_play_prop_dlc1,2,5,,,
497,weekly_ch_resistance_kills_dlc1,2,1,(130:4096),,
498,special_ch_resist_bribe,3,5,,,
499,weekly_ch_play_gungame_dlc1,2,5,,,
500,weekly_ch_long_kills_dlc1,2,1,(128:8),,
501,weekly_ch_pistol_kills_dlc1,2,1,(1:6),,
502,contract_ch_resistance_bribe,4,5,,,
503,weekly_ch_resistance_bribe_2x,2,5,,,
504,special_ch_volk,3,5,,,
505,special_ch_orso,3,5,,,
506,special_ch_combatknife,3,5,,,
507,special_ch_enfield,3,5,,,
508,special_ch_revolver,3,5,,,
509,contract_25_kills_pistol_dlc1,4,1,(1:6),,
510,contract_30_kills_resistance_dlc1,4,1,(130:4096),,
511,contract_45_kills_demo_dlc1,4,1,(2:11),,
512,daily_ch_prop_kills_dlc1,1,1,(2:12),,
513,daily_ch_prop_survive_dlc1,1,3,,,
514,daily_ch_prop_wins_dlc1,1,5,,,
515,daily_ch_prop_survive_changeless_dlc1,1,3,,,
516,daily_ch_resistance_kills_dlc1,1,1,(130:4096),,
517,daily_ch_resistance_skill_dlc1,1,1,(130:2048),,
518,daily_ch_pistol_kills_dlc1,1,1,(1:6),,
519,daily_ch_pistol_multikills_dlc1,1,2,,,
520,weekly_ch_pistol_headshots_dlc1,2,1,(1:6)&&(6:1),,
521,contract_70_kills_gungame_dlc1,4,1,(2:10),,
522,daily_ch_special_theater_watch,1,11,,,
523,contract_ch_twitch_4,4,5,,,
524,special_ch_uprising_triple_play,3,5,,,
525,rankedplay_s2_r1,5,31,,,
526,rankedplay_s2_r2,5,31,,,
527,rankedplay_s2_r3,5,31,,,
528,rankedplay_s2_r4,5,31,,,
529,rankedplay_s2_r5,5,31,,,
530,rankedplay_s2_r6,5,31,,,
531,initial_player_mp_level_1,5,14,,,
532,initial_player_zm_level_1,5,14,,,
533,special_ch_heroic_weapon_bribe,3,5,,,
534,daily_ch_play_oneshot,1,5,,,
535,daily_ch_oneshot_kills,1,1,(9:2),,
536,daily_ch_oneshot_headshots,1,1,(9:2)&&(6:1),,
537,daily_ch_throwback_training_kills,1,1,(128:1048576),,
538,daily_ch_throwback_training_first,1,5,,,
539,daily_ch_throwback_training_streaks,1,4,,,
540,daily_ch_throwback_training_multikills,1,2,,,
541,daily_ch_lephunt_wins,1,5,,,
542,daily_ch_lephunt_kills,1,3,,,
543,daily_ch_lephunt_headshots,1,1,(6:1)&&(9:3),,
544,daily_ch_tag_wins,1,5,,,
545,daily_ch_prop_kills,1,1,(2:12),,
546,daily_ch_prop_score,1,3,,,
547,daily_ch_prop_wins,1,5,,,
548,daily_ch_prop_survive,1,3,,,
549,daily_ch_earn_packages,1,4,,,
550,daily_ch_ground_skills,1,1,((9:5)||(9:6))&&(128:2097152),,
551,daily_ch_ground_kills,1,1,(9:5)||(9:6),,
552,daily_ch_ground_multikills,1,2,,,
553,weekly_ch_thompson_loot2,2,1,(130:4),,
554,weekly_ch_bar_loot3,2,1,(1:1),,
555,weekly_ch_kar98_loot3,2,1,(1:5)&&(6:1),,
556,weekly_ch_winchester_loot2,2,2,,,
557,contract_15_headshots,4,1,(6:1),,
558,contract_95_kills,4,1,,,
559,contract_20_multikills,4,2,,,
560,contract_50_kills_rifle,4,1,(1:1),,
561,contract_50_kills_smg,4,1,(1:2),,
562,contract_50_kills_lmg,4,1,(1:3),,
563,contract_55_kills_hc,4,1,(9:1)||(9:6),,
564,contract_25_kills_melee,4,1,(3:2),,
565,contract_30_kills_skills,4,1,(128:2097152),,
566,contract_ch_mas38,4,1,(1:2),,
567,contract_ch_mg81,4,1,(1:3)&&(6:1),,
568,supersoldier_gear_bitfield_zm,5,16,,,
569,special_ch_epic_weapon_x2,3,5,,,
570,special_ch_heroic_uniform,3,5,,,
571,special_ch_epic_weapon,3,5,,,
572,special_ch_st_pattys,3,5,,,
573,contract_ch_sten,4,1,(1:2)&&(6:1),,
574,contract_ch_gewehr,4,1,(1:1),,
575,contract_ch_gpmg,4,1,(128:8192)||(128:16384),,
576,contract_ch_icepick,4,1,(3:2),,
577,contract_ch_trenchknife,4,1,(129:2)&&(3:2),,
578,contract_ch_volk,4,1,(9:1),,
579,contract_ch_orso,4,1,(130:4),,
580,contract_ch_combatknife,4,1,(128:8388608),,
581,contract_ch_enfield,4,1,(1:6),,
582,contract_ch_revolver,4,1,(128:4194304),,
583,daily_ch_special_hub_targets,1,8,,,
584,daily_ch_ground_headshots_dlc2,1,1,(6:1)&&((9:5)||(9:6)),,
585,daily_ch_ground_bayonet_dlc2,1,1,((9:5)||(9:6))&&(130:2),,
586,daily_ch_ground_silencer_dlc2,1,1,((9:5)||(9:6))&&(130:4),,
587,daily_ch_ground_mounted_dlc2,1,1,((9:5)||(9:6))&&(130:8),,
588,daily_ch_ground_tacknife_dlc2,1,1,((9:5)||(9:6))&&(130:2048),,
589,daily_ch_ground_dragon_dlc2,1,1,((9:5)||(9:6))&&(130:32),,
590,daily_ch_war_kills,1,1,(2:5),,
591,daily_ch_dom_cap6,1,3,,,
592,daily_ch_sd_melee,1,1,(3:2)&&(2:8),,
593,daily_ch_headshots2,1,1,(6:1),,
594,daily_ch_throwingknife_kills,1,1,(128:8388608),,
595,daily_ch_multikills,1,2,,,
596,daily_ch_sd_plant,1,3,,,
597,daily_ch_war_multikills,1,2,,,
598,daily_ch_war_headshots,1,1,(6:1)&&(2:5),,
599,weekly_ch_ground_wins_dlc2,2,5,,,
600,weekly_ch_ground_kills_dlc2,2,1,(9:5)||(9:6),,
601,weekly_ch_ground_streaks_dlc2,2,4,,,
602,weekly_ch_10killstreaks_dlc2,2,4,,,
603,weekly_ch_hipfire_dlc2,2,1,(128:33554432),,
604,weekly_ch_hc_kills_dlc2,2,1,(9:1)||(9:6),,
605,weekly_ch_wins_dlc2,2,5,,,
606,weekly_ch_kills_dlc2,2,1,,,
607,weekly_ch_streaks_dlc2,2,4,,,
608,contract_55_kills_kc_dlc2,4,1,(2:4),,
609,contract_60_kills_war_dlc2,4,1,(2:5),,
610,contract_30_kills_pistols_dlc2,4,1,(1:6),,
611,contract_90_kills_dlc2,4,1,,,
612,contract_60_kills_dom_dlc2,4,1,(2:2),,
613,contract_55_kills_tdm_dlc2,4,1,(2:1),,
614,contract_ch_baseballbat,4,1,(3:2),,
615,contract_ch_type5,4,2,,,
616,contract_ch_sterling,4,1,(128:33554432),,
617,contract_ch_arisaka,4,1,(6:1),,
618,contract_ch_burstrifle,4,1,(1:1),,
619,contract_ch_autom2,4,1,(128:16777216),,
620,contract_ch_trenchrunner,4,1,(128:33554432),,
621,contract_ch_twitch_5_helmet,4,5,,,
622,contract_ch_twitch_5_charm,4,5,,,
623,contract_ch_twitch_5_uniform,4,5,,,
624,special_ch_mtx4_bribe,3,5,,,
625,special_ch_weap_uniform_bribe,3,5,,,
626,special_ch_blitzkrieg_bribe,3,5,,,
627,contract_ch_dom_caps,4,3,,,
628,special_ch_heroic_weapon_bribex2,3,5,,,
629,special_ch_epic_weapon_bribe,3,5,,,
630,daily_ch_barloot0_1,1,1,(1:1),,
631,daily_ch_barloot2_1,1,1,(1:1)&&(6:1),,
632,daily_ch_barloot1_2,1,2,,,
633,daily_ch_barloot1_1,1,1,(130:2),,
634,daily_ch_barloot3_1,1,1,(1:1)&&(6:1),,
635,daily_ch_barloot3_2,1,1,(1:1)&&(128:16777216),,
636,daily_ch_barloot0_2,1,1,(130:2),,
637,daily_ch_brenloot2_1,1,1,(1:3),,
638,daily_ch_brenloot0_1,1,1,(1:3)&&(6:1),,
639,daily_ch_brenloot0_2,1,2,,,
640,daily_ch_brenloot1_1,1,1,(130:8),,
641,daily_ch_brenloot1_2,1,1,(1:3)&&(128:16777216),,
642,daily_ch_brenloot2_2,1,1,(1:3)&&(6:1),,
643,daily_ch_brenloot3_2,1,1,(1:3),,
644,daily_ch_brenloot3_1,1,1,(130:8),,
645,daily_ch_karloot3_1,1,1,(1:5),,
646,daily_ch_karloot3_2,1,1,(1:5)&&(6:1),,
647,daily_ch_karloot2_1,1,2,,,
648,daily_ch_karloot2_2,1,1,(130:16),,
649,daily_ch_karloot0_1,1,1,(1:5)&&(128:16777216),,
650,daily_ch_karloot1_2,1,1,(1:5)&&(6:1),,
651,daily_ch_lewisloot0_1,1,1,(1:3),,
652,daily_ch_lewisloot2_1,1,1,(1:3)&&(6:1),,
653,daily_ch_lewisloot0_2,1,2,,,
654,daily_ch_lewisloot3_1,1,1,(130:8),,
655,daily_ch_lewisloot1_2,1,1,(1:3)&&(128:16777216),,
656,daily_ch_lewisloot2_2,1,1,(1:3)&&(6:1),,
657,daily_ch_lewisloot3_2,1,1,(1:3),,
658,daily_ch_lugerloot2_1,1,1,(1:6),,
659,daily_ch_lugerloot3_2,1,1,(1:6)&&(6:1),,
660,daily_ch_lugerloot0_1,1,2,,,
661,daily_ch_lugerloot1_1,1,1,(130:2048),,
662,daily_ch_lugerloot2_2,1,1,(1:6)&&(128:16777216),,
663,daily_ch_lugerloot3_1,1,1,(1:6)&&(6:1),,
664,daily_ch_lugerloot0_2,1,1,(1:6),,
665,daily_ch_lugerloot1_2,1,1,(130:2048),,
666,daily_ch_m1911loot0_1,1,1,(1:6),,
667,daily_ch_m1911loot2_1,1,1,(1:6)&&(6:1),,
668,daily_ch_m1911loot0_2,1,2,,,
669,daily_ch_m1911loot2_2,1,1,(130:2048),,
670,daily_ch_m1911loot1_1,1,,,,
671,daily_ch_m1911loot1_2,1,1,(1:6)&&(6:1),,
672,daily_ch_m1911loot3_2,1,,,,
673,daily_ch_m1911loot3_1,1,,,,
674,daily_ch_m30loot0_1,1,1,(1:4),,
675,daily_ch_m30loot0_2,1,1,(1:4)&&(6:1),,
676,daily_ch_m30loot1_1,1,2,,,
677,daily_ch_m30loot1_2,1,1,(130:32),,
678,daily_ch_m30loot2_1,1,1,(1:4)&&(128:33554432),,
679,daily_ch_m30loot3_2,1,1,(1:4)&&(6:1),,
680,daily_ch_m30loot3_1,1,1,(1:4),,
681,daily_ch_m30loot2_2,1,1,(130:32),,
682,daily_ch_thompsonloot3_1,1,1,(1:2),,
683,daily_ch_thompsonloot2_1,1,1,(1:2)&&(6:1),,
684,daily_ch_thompsonloot0_2,1,2,,,
685,daily_ch_thompsonloot2_2,1,1,(130:4),,
686,daily_ch_thompsonloot3_2,1,1,(1:2)&&(128:33554432),,
687,daily_ch_thompsonloot0_1,1,1,(1:2),,
688,daily_ch_thompsonloot1_2,1,1,(130:4),,
689,daily_ch_winchesterloot3_1,1,1,(1:4),,
690,daily_ch_winchesterloot0_1,1,1,(1:4)&&(6:1),,
691,daily_ch_winchesterloot1_2,1,2,,,
692,daily_ch_winchesterloot0_2,1,1,(130:32),,
693,daily_ch_winchesterloot1_1,1,1,(1:4)&&(128:16777216),,
694,daily_ch_winchesterloot3_2,1,1,(1:4),,
695,daily_ch_winchesterloot2_1,1,2,,,
696,rankedplay_s3_r1,5,31,,,
697,rankedplay_s3_r2,5,31,,,
698,rankedplay_s3_r3,5,31,,,
699,rankedplay_s3_r4,5,31,,,
700,rankedplay_s3_r5,5,31,,,
701,rankedplay_s3_r6,5,31,,,
702,contract_ch_twitch_6_winter_bribe,4,5,,,
703,contract_ch_twitch_6_resist_bribe,4,5,,,
704,contract_ch_twitch_6_epic_sd,4,5,,,
705,contract_ch_twitch_6_heroic_uniform,4,4,,,
706,contract_ch_twitch_6_charm,4,5,,,
707,daily_ch_kills_zom,1,1,(9:7),,
708,daily_ch_headshots_zom,1,1,(6:1)&&(9:7),,
709,daily_ch_multikills_zom,1,2,,,
710,daily_ch_fire_zom,1,1,(3:1)&&(9:7),,
711,daily_ch_kills_horde,1,40,(128:4),,
712,daily_ch_fire_horde,1,40,(2:15)&&(3:1),,
713,daily_ch_cap_horde,1,3,,,
714,daily_ch_cap_relic,1,3,,,
715,daily_ch_kills_relic,1,1,(1:14),,
716,daily_ch_skulduggery,1,1,(129:32),,
717,daily_ch_infect_survivors,1,1,(129:64),,
718,daily_ch_survivor_multikills,1,2,,,
719,daily_ch_cap_infected,1,4,,,
720,weekly_ch_wins_zom,2,5,,,
721,weekly_ch_wins_relic,2,5,,,
722,weekly_ch_wins_infected,2,5,,,
723,weekly_ch_wins_horde,2,5,,,
724,contract_65_kills_hc,4,1,(9:1)||(9:6),,
725,special_ch_weapon_bribe_mtx5,3,5,,,
726,daily_ch_rifle_bribe,1,5,,,
727,special_ch_undead_bribe,3,5,,,
728,daily_ch_smg_bribe,1,5,,,
729,special_ch_undead_5bribes,3,5,,,
730,daily_ch_infantry_bribe,1,5,,,
731,daily_ch_sniper_bribe,1,5,,,
732,special_ch_undead_5bribes_2,3,5,,,
733,special_ch_airborne_bribe,3,5,,,
734,rankedplay_s4_r1,5,31,,,
735,rankedplay_s4_r2,5,31,,,
736,rankedplay_s4_r3,5,31,,,
737,rankedplay_s4_r4,5,31,,,
738,rankedplay_s4_r5,5,31,,,
739,rankedplay_s4_r6,5,31,,,
740,played_during_war_bond_window,5,13,,,
741,war_bond_play_ten_matches,5,5,,,
742,special_ch_epic_uniform_bribe,3,5,,,
743,special_ch_2x_heroic_weapon_bribe,3,5,,,
744,special_ch_heroic_uniform_bribe,3,5,,,
745,special_ch_2x_epic_weapon_bribe,3,5,,,
746,contract_ch_claymore,4,1,(3:2),,
747,contract_ch_lever_action,4,1,(1:5)&&(6:1),,
748,contract_ch_fire_axe,4,1,(3:2),,
749,contract_ch_m1919,4,1,(1:3)&&(6:1),,
750,contract_ch_nambu,4,1,(128:33554432),,
751,contract_ch_blunderbuss,4,1,(130:32),,
752,contract_ch_ptrs,4,1,(1:5),,
753,daily_ch_1p_uniform,1,5,,,
754,daily_ch_1p_uniform_2,1,5,,,
755,daily_ch_1p_helmet,1,5,,,
756,daily_ch_1p_weapon,1,5,,,
757,payroll_officer_masterprestige,5,18,,,
758,zombies_dlc3_ee_ship,5,43,,,
759,zombies_dlc3_ee_windmill,5,43,,,
760,zombies_dlc3_ee_thule,5,43,,,
761,zombies_dlc3_redskull,5,44,,,
762,rankedplay_s5_r1,5,31,,,
763,rankedplay_s5_r2,5,31,,,
764,rankedplay_s5_r3,5,31,,,
765,rankedplay_s5_r4,5,31,,,
766,rankedplay_s5_r5,5,31,,,
767,rankedplay_s5_r6,5,31,,,
768,contract_ch_moon_mountain,4,41,,,
769,contract_ch_moon_hunter,4,34,,,
770,contract_ch_moon_survivor,4,36,,,
771,contract_ch_moon_slayer,4,38,,,
772,division_grenadier_prestige_1,5,11,,,
773,division_grenadier_prestige_2,5,11,,,
774,division_grenadier_prestige_3,5,11,,,
775,division_grenadier_prestige_4,5,11,,,
776,division_commando_prestige_1,5,11,,,
777,division_commando_prestige_2,5,11,,,
778,division_commando_prestige_3,5,11,,,
779,division_commando_prestige_4,5,11,,,
788,daily_ch_cav_cc,1,32,(1:2),,
789,daily_ch_riot_kills,1,1,(1:14),,
790,daily_ch_cav_caps,1,3,,,
791,daily_ch_cav_buildables,1,3,,,
792,daily_ch_deflect,1,3,,,
793,daily_ch_kill_cav,1,1,(129:256),,
794,daily_ch_destroy_streaks,1,4,,,
795,weekly_ch_cav_assists,2,32,(130:16384),,
796,weekly_ch_cav_kills,2,1,(130:16384),,
797,bo4_purchase_incentive,5,46,,,
798,weekly_ch_cav_streaks,2,4,,,
799,weekly_ch_wanderlust_kills,2,1,(128:4194304)&&(128:67108864),,
800,contract_ch_collect_tags,4,3,,,
801,contract_ch_cav_caps,4,3,,,
802,contract_ch_kills_on_hp,4,1,(128:4),,
803,daily_ch_bribe_mtx6,1,5,,,
804,daily_ch_infantry_bribe2,1,5,,,
805,special_ch_weapon_bribe,3,5,,,
806,special_ch_heroic_uniform_mtx6,3,5,,,
807,special_ch_sniper_bribe,3,5,,,
808,daily_ch_armored_bribe,1,5,,,
809,special_ch_rifle_bribe,3,5,,,
810,special_ch_gerneric_1,3,5,,,
811,special_ch_gerneric_2,3,5,,,
812,special_ch_gerneric_3,3,5,,,
813,special_ch_gerneric_4,3,5,,,
814,special_ch_gerneric_5,3,5,,,
815,daily_ch_generic_1,1,5,,,
816,daily_ch_generic_2,1,5,,,
817,daily_ch_generic_3,1,5,,,
818,daily_ch_generic_4,1,5,,,
819,daily_ch_generic_5,1,5,,,
820,daily_ch_1psku_mtx6_uniform,1,5,,,
821,daily_ch_1psku_mtx6_weapon,1,5,,,
822,daily_ch_1psku_mtx6_helmet,1,5,,,
823,daily_ch_1psku_mtx6_uniform2,1,5,,,
824,daily_ch_kills_1pchain,1,1,,,
825,rankedplay_s6_r1,5,31,,,
826,rankedplay_s6_r2,5,31,,,
827,rankedplay_s6_r3,5,31,,,
828,rankedplay_s6_r4,5,31,,,
829,rankedplay_s6_r5,5,31,,,
830,rankedplay_s6_r6,5,31,,,
831,daily_ch_bribe_mtx7,1,5,,,
832,special_ch_shotgun_mtx7,3,5,,,
833,special_ch_snipe_uniform_mtx7,3,5,,,
834,special_ch_weapon_mtx7,3,5,,,
835,daily_ch_airborne_mtx7,1,5,,,
836,special_ch_cavalry_mtx7,3,5,,,
837,daily_ch_smg_mtx7,1,5,,,
838,special_ch_lmg_mtx7,3,5,,,
839,daily_ch_heroic_uni_mtx7,1,5,,,
840,daily_ch_weap_mtx7,1,5,,,
841,special_ch_summer_uniform_mtx7,3,5,,,
842,daily_ch_1psku_summer_weapon,1,5,,,
843,daily_ch_1psku_summer_uniform,1,5,,,
844,daily_ch_1psku_summer_helmet,1,5,,,
845,daily_ch_1psku_summer_uniform2,1,5,,,
846,daily_ch_summer_chain,1,1,,,
847,contract_ch_avs,4,1,(1:1),,
848,contract_ch_zk,4,1,(128:33554432),,
849,contract_ch_delisle,4,1,(1:5),,
850,contract_ch_ribeyrolls,4,1,(1:2)&&(3:1),,
851,contract_ch_3line,4,1,(1:5)&&(6:1),,
852,contract_ch_automaton,4,1,(128:8192)||(128:16384),,
853,contract_ch_ironcurtain,4,1,(1:2),,
854,daily_ch_champs_ps4,1,11,,,
855,daily_ch_champs_pcxbone,1,8,,,
856,player_master_prestige_rank_56,5,14,,,
857,player_master_prestige_rank_100,5,14,,,
858,player_master_prestige_rank_200,5,14,,,
859,player_master_prestige_rank_300,5,14,,,
860,player_master_prestige_rank_400,5,14,,,
861,player_master_prestige_rank_500,5,14,,,
862,player_master_prestige_rank_600,5,14,,,
863,player_master_prestige_rank_700,5,14,,,
864,player_master_prestige_rank_800,5,14,,,
865,player_master_prestige_rank_900,5,14,,,
866,player_master_prestige_rank_1000,5,14,,,
867,special_ch_smg_uni_mtx7,3,5,,,
868,special_ch_aruniform_mtx8,3,5,,,
869,daily_ch_bribe_mtx8,1,5,,,
870,special_ch_shotgun_mtx8,3,5,,,
871,daily_ch_commando_mtx8,1,5,,,
872,special_ch_weapsmg_mtx8,3,5,,,
873,special_ch_mountain1_mtx8,3,5,,,
874,special_ch_mountain2_mtx8,3,5,,,
875,special_ch_mountain3_mtx8,3,5,,,
876,special_ch_mountain4_mtx8,3,5,,,
877,daily_ch_smg_mtx8,1,5,,,
878,special_ch_weapsniper_mtx8,3,5,,,
879,contract_ch_vmg,4,1,(1:3)&&(6:1),,
880,contract_ch_tokyo,4,1,(1:2),,
881,daily_ch_shamrock_mtx7,1,5,,,
882,rankedplay_s6_r1,5,31,,,
883,rankedplay_s6_r2,5,31,,,
884,rankedplay_s6_r3,5,31,,,
885,rankedplay_s6_r4,5,31,,,
886,rankedplay_s6_r5,5,31,,,
887,rankedplay_s6_r6,5,31,,,
888,rankedplay_s7_r1,5,31,,,
889,rankedplay_s7_r2,5,31,,,
890,rankedplay_s7_r3,5,31,,,
891,rankedplay_s7_r4,5,31,,,
892,rankedplay_s7_r5,5,31,,,
893,rankedplay_s7_r6,5,31,,,
894,rankedplay_s8_r1,5,31,,,
895,rankedplay_s8_r2,5,31,,,
896,rankedplay_s8_r3,5,31,,,
897,rankedplay_s8_r4,5,31,,,
898,rankedplay_s8_r5,5,31,,,
899,rankedplay_s8_r6,5,31,,,
900,rankedplay_s9_r1,5,31,,,
901,rankedplay_s9_r2,5,31,,,
902,rankedplay_s9_r3,5,31,,,
903,rankedplay_s9_r4,5,31,,,
904,rankedplay_s9_r5,5,31,,,
905,rankedplay_s9_r6,5,31,,,
906,rankedplay_s10_r1,5,31,,,
907,rankedplay_s10_r2,5,31,,,
908,rankedplay_s10_r3,5,31,,,
909,rankedplay_s10_r4,5,31,,,
910,rankedplay_s10_r5,5,31,,,
911,rankedplay_s10_r6,5,31,,,
912,rankedplay_s11_r1,5,31,,,
913,rankedplay_s11_r2,5,31,,,
914,rankedplay_s11_r3,5,31,,,
915,rankedplay_s11_r4,5,31,,,
916,rankedplay_s11_r5,5,31,,,
917,rankedplay_s11_r6,5,31,,,
918,rankedplay_s12_r1,5,31,,,
919,rankedplay_s12_r2,5,31,,,
920,rankedplay_s12_r3,5,31,,,
921,rankedplay_s12_r4,5,31,,,
922,rankedplay_s12_r5,5,31,,,
923,rankedplay_s12_r6,5,31,,,
924,daily_ch_blitz_mtx8,1,5,,,
925,daily_ch_bribe_mtx9,1,5,,,
926,special_ch_5weap_mtx9,3,5,,,
927,daily_ch_ar_bribe_mtx9,1,5,,,
928,special_ch_5sdbribes_mtx9,3,5,,,
929,daily_ch_heroic_snipe_mtx9,1,5,,,
930,special_ch_5weap2_mtx9,3,5,,,
931,daily_ch_undead_mtx9,1,5,,,
932,daily_ch_heroic_shot_mtx9,1,5,,,
933,special_ch_5sdbribes2_mtx9,3,5,,,
934,special_ch_heroic_ar_mtx9,3,5,,,
935,contract_ch_crossbow,4,1,(128:8388608),,
936,contract_ch_emp,4,1,(128:33554432),,
937,contract_ch_charlton,4,1,(128:16777216),,
938,contract_ch_sdk,4,1,(1:5),,
939,contract_ch_sledge,4,1,(128:134217728),,
940,daily_ch_ab_tdmkills,1,1,(2:1),,
941,daily_ch_ab_tdmwins,1,5,,,
942,daily_ch_ab_tdmhead,1,1,(2:1)&&(6:1),,
943,weekly_ch_ab_tdmkills,2,1,(2:1),,
944,daily_ch_ab_domkills,1,1,(2:2),,
945,daily_ch_ab_domwins,1,5,,,
946,daily_ch_ab_domcaps,1,3,,,
947,weekly_ch_ab_domkills,2,1,(2:2),,
948,daily_ch_ab_warkills,1,1,(2:5),,
949,daily_ch_ab_warwins,1,5,,,
950,daily_ch_ab_warbuild,1,3,,,
951,weekly_ch_ab_warkills,2,1,(2:5),,
952,weekly_ch_ab_globalkills,2,1,,,
953,weekly_ch_ab_tdmwins,2,5,,,
954,weekly_ch_ab_domwins,2,5,,,
955,weekly_ch_ab_warwins,2,5,,,
956,weekly_ch_ab_globalwins,2,5,,,
957,contract_ch_m1911,4,1,(128:4194304),,
958,special_ch_y2_winter,3,5,,,
959,special_ch_y2_weap,3,5,,,
960,special_ch_y2_heroic_weap,3,5,,,
961,special_ch_y2_resist_bundle,3,5,,,
962,special_ch_y2_resist,3,5,,,
963,special_ch_y2_heroic_uniform,3,5,,,
964,played_during_winter_window1_year2,5,13,,,
965,played_during_winter_window2_year2,5,13,,,
966,played_during_winter_window3_year2,5,13,,,
967,played_during_winter_window4_year2,5,13,,,
968,daily_ch_ab_kills_ll,1,1,,,
969,daily_ch_ab_kills_hl,1,1,,,
970,daily_ch_ab_kills_lh,1,1,,,
971,daily_ch_ab_kills_hh,1,1,,,
972,daily_ch_ab_rifle_kills_ll,1,1,(1:1),,
973,daily_ch_ab_rifle_kills_hl,1,1,(1:1),,
974,daily_ch_ab_rifle_kills_lh,1,1,(1:1),,
975,daily_ch_ab_rifle_kills_hh,1,1,(1:1),,
976,daily_ch_ab_sniper_kills_ll,1,1,(1:5),,
977,daily_ch_ab_sniper_kills_hl,1,1,(1:5),,
978,daily_ch_ab_sniper_kills_lh,1,1,(1:5),,
979,daily_ch_ab_sniper_kills_hh,1,1,(1:5),,
980,daily_ch_ab_shotgun_kills_ll,1,1,(1:4),,
981,daily_ch_ab_shotgun_kills_hl,1,1,(1:4),,
982,daily_ch_ab_shotgun_kills_lh,1,1,(1:4),,
983,daily_ch_ab_shotgun_kills_hh,1,1,(1:4),,
984,daily_ch_ab_dom_kills_ll,1,1,(2:2),,
985,daily_ch_ab_dom_kills_hl,1,1,(2:2),,
986,daily_ch_ab_dom_kills_lh,1,1,(2:2),,
987,daily_ch_ab_dom_kills_hh,1,1,(2:2),,
988,daily_ch_ab_kc_tags_ll,1,3,,,
989,daily_ch_ab_kc_tags_hl,1,3,,,
990,daily_ch_ab_kc_tags_lh,1,3,,,
991,daily_ch_ab_kc_tags_hh,1,3,,,
992,daily_ch_ab_headshots_ll,1,1,(6:1),,
993,daily_ch_ab_headshots_hl,1,1,(6:1),,
994,daily_ch_ab_headshots_lh,1,1,(6:1),,
995,daily_ch_ab_headshots_hh,1,1,(6:1),,
996,daily_ch_ab_smg_kills_ll,1,1,(1:2),,
997,daily_ch_ab_smg_kills_hl,1,1,(1:2),,
998,daily_ch_ab_smg_kills_lh,1,1,(1:2),,
999,daily_ch_ab_smg_kills_hh,1,1,(1:2),,
1000,daily_zm_ch_traps,8,36,,,
1001,daily_zm_ch_pest_melee,8,34,(2:2)&&(3:2),,
1002,daily_zm_ch_zapper,8,36,,,
1003,daily_zm_ch_firestarter,8,38,,,
1004,daily_zm_ch_wustling_melee_only,8,34,(2:3)&&(128:512),,
1005,daily_zm_ch_empty_clip,8,34,(128:64),,
1006,daily_zm_ch_wave_starter_weap,8,37,,,
1007,daily_zm_ch_wustling_betty_charge,8,34,(128:1024)&&(128:2048),,
1008,daily_zm_ch_every_blitz,8,36,,,
1009,daily_zm_ch_teammates_revived_1,8,38,,,
1010,daily_zm_ch_kills_traps_1,8,34,(1:11),,
1011,daily_zm_ch_kills_bombers_clean,8,34,(2:4)&&(128:128),,
1012,daily_zm_ch_perks_full,8,36,,,
1013,daily_zm_ch_exposive_multikills_1,8,35,,,
1014,daily_zm_ch_sniper_headshots_1,8,34,(1:5)&&(6:1),,
1015,daily_zm_ch_wave_challenge_1,8,37,,,
1016,daily_zm_ch_kills_upgraded_1,8,34,(7:1),,
1017,daily_zm_ch_kills_upgraded_2,8,34,(7:1),,
1018,daily_zm_ch_kills_upgraded_3,8,34,(7:1),,
1019,daily_zm_ch_wave_challenge_dmg_1,8,37,,,
1020,daily_zm_ch_wave_challenge_dmg_2,8,37,,,
1021,daily_zm_ch_wave_challenge_dmg_3,8,37,,,
1022,daily_zm_ch_wave_asn_spines_fog_1,8,38,,,
1023,daily_zm_ch_wave_asn_spines_1,8,34,(2:6)&&(128:4194304),,
1024,daily_zm_ch_bomber_with_bomb,8,34,(2:4)&&(128:256),,
1025,daily_zm_ch_headshots_1,8,34,(6:1),,
1026,daily_zm_ch_headshots_2,8,34,(6:1),,
1027,daily_zm_ch_headshots_3,8,34,(6:1),,
1028,daily_zm_ch_shotguns_1,8,34,(1:4),,
1029,daily_zm_ch_shotguns_2,8,34,(1:4),,
1030,daily_zm_ch_shotguns_3,8,34,(1:4),,
1031,daily_zm_ch_pistols_1,8,34,(1:6),,
1032,daily_zm_ch_pistols_2,8,34,(1:6),,
1033,daily_zm_ch_pistols_3,8,34,(1:6),,
1034,daily_zm_ch_lmgs_1,8,34,(1:3),,
1035,daily_zm_ch_lmgs_2,8,34,(1:3),,
1036,daily_zm_ch_lmgs_3,8,34,(1:3),,
1037,daily_zm_ch_bomber_bomb_kills,8,34,(128:256),,
1038,daily_zm_ch_purchase_armor_1,8,36,,,
1039,daily_zm_ch_explosives_1,8,34,(3:3),,
1040,daily_zm_ch_throwing_knifes_1,8,34,(128:4096),,
1041,daily_zm_ch_revives_1,8,38,,,
1042,daily_zm_ch_purchase_weapons_1,8,36,,,
1043,daily_zm_ch_purchase_box_1,8,36,,,
1044,daily_zm_ch_run_away_1,8,38,,,
1045,daily_zm_ch_objective_1,8,38,,,
1046,daily_zm_ch_kills_wave_0,8,34,(128:1048576),,
1047,daily_zm_ch_kills_ripsaw_1,8,34,(128:134217728),,
1048,daily_zm_ch_stuka_shutdown_1,8,38,,,
1049,daily_zm_ch_traps_propeller_1,8,34,(128:8192),,
1050,daily_zm_ch_cart_rides_1,8,38,,,
1051,daily_zm_ch_wave_challenge_shotgun_1,8,37,,,
1052,daily_zm_ch_wave_challenge_shotgun_2,8,37,,,
1053,daily_zm_ch_kills_pistols_upgraded_1,8,34,(1:6)&&(7:1),,
1054,daily_zm_ch_wave_no_move_1,8,37,,,
1055,daily_zm_ch_wave_no_move_2,8,37,,,
1056,daily_zm_ch_sacrifices_1,8,34,(128:536870912),,
1057,daily_zm_ch_sacrifices_2,8,38,,,
1058,daily_zm_ch_wave_box_weapon_1,8,37,,,
1059,daily_zm_ch_wave_box_weapon_2,8,37,,,
1060,weekly_zm_ch_kills_electrical_1,9,34,(128:32),,
1061,weekly_zm_ch_purchase_doors_1,9,36,,,
1062,weekly_zm_ch_objective_1,9,38,,,
1063,weekly_zm_ch_kills_benners_1,9,34,(2:5),,
1064,weekly_zm_ch_multikills_bombs,9,35,,,
1065,weekly_zm_ch_objective_2,9,38,,,
1066,weekly_zm_ch_objective_3,9,38,,,
1067,weekly_zm_ch_ripsaw_kills_no_heavy,9,34,(128:8388608),,
1068,weekly_zm_ch_kills_equipment,9,34,(1:8),,
1069,weekly_zm_ch_bosses_defeated_global,9,38,,,
1070,weekly_zm_ch_waves_1,9,37,,,
1071,weekly_zm_ch_kills_1,9,34,(5:3),,
1072,weekly_zm_ch_headshots_1,9,34,(6:1),,
1073,weekly_zm_ch_medals_1,9,38,,,
1074,contract_zm_ch_kills_1,11,34,,,
1075,contract_zm_ch_kills_2,11,34,,,
1076,contract_zm_ch_objective_1,11,38,,,
1077,contract_zm_ch_jumping_knifes_1,11,34,(128:4096)&&(128:16777216),,
1078,contract_zm_ch_shovel_kills_wave_10_plus,11,34,(1:10)&&(128:32),,
1079,contract_zm_ch_wave_grosten_1,11,37,,,
1080,contract_zm_ch_kills_3,11,34,,,
1081,contract_zm_ch_unique_kills_fr_1,11,34,(128:33554432),,
1082,contract_zm_ch_beheadings_1,11,34,(128:134217728),,
1083,contract_zm_revives_camo_1,11,38,,,
1084,contract_zm_kills_freefire_1,11,34,(128:2),,
1085,contract_zm_time_frontline_1,11,38,,,
1086,contract_zm_shellshock_1,11,38,,,
1087,contract_zm_jolts_1,11,38,,,
1088,contract_zm_treasure_1,11,34,(2:9),,
1089,contract_zm_acquire_jack,11,38,,,
1090,contract_zm_wave_location_1,11,37,,,
1091,contract_zm_wave_location_2,11,37,,,
1092,contract_zm_wave_location_3,11,37,,,
1093,contract_zm_wave_location_4,11,37,,,
1094,zm_above_beyond_daily,5,17,,,
1095,zm_above_beyond_weekly,5,17,,,
1096,arrow_gear_bitfield_zm,5,16,,,
1097,captain_gear_bitfield_zm,5,16,,,
1098,explorer_gear_bitfield_zm,5,16,,,
1099,daily_zm_ch_purchases_general_1,8,36,,,
1100,daily_zm_ch_survival_building_1,8,37,,,
1101,daily_zm_ch_survival_first_room,8,37,,,
1102,daily_zm_ch_kills_jack_in_box_1,8,34,(128:1073741824),,
1103,daily_zm_ch_survival_crouched_1,8,37,,,
1104,weekly_zm_ch_special_kills_1,9,34,(128:2147483648),,
1105,weekly_zm_ch_traps_1,9,34,(1:11),,
1106,weekly_zm_ch_powerup_collector_1,9,38,,,
1107,contract_zm_boss_perfect_1,11,38,,,
1108,contract_zm_jolts_2,11,38,,,
1109,contract_zm_open_all_doors_1,11,38,,,
1110,contract_zm_weap_upgrade_1,11,38,,,
1111,contract_zm_wave_time_trial_1,11,37,,,
1112,shotgun_maps_complete_zm,5,41,,,
1113,shotgun_maps_complete_daily_zm,5,41,,,
1114,dlc3_survival_unlock_complete_zm,5,42,,,
1115,zm_mp_skin_unlock0,5,45,,,
1116,zm_mp_skin_unlock1,5,45,,,
1117,zm_mp_skin_unlock2,5,45,,,
1118,zm_mp_skin_unlock3,5,45,,,
1119,zm_mp_skin_unlock4,5,45,,,
1120,zm_mp_skin_unlock5,5,45,,,
1121,zm_mp_skin_unlock6,5,45,,,
1122,zm_mp_skin_unlock7,5,45,,,
1123,zm_mp_skin_unlock8,5,45,,,
1124,zm_mp_skin_unlock9,5,45,,,
1125,zm_mp_skin_unlock10,5,45,,,
1126,zm_mp_skin_unlock11,5,45,,,
1127,zm_mp_skin_unlock12,5,45,,,
1128,zm_mp_skin_unlock13,5,45,,,
1129,zm_mp_skin_unlock14,5,45,,,
1130,zm_mp_skin_unlock15,5,45,,,
1131,daily_zm_ch_kills_wet_1,8,34,(128:1048576),,
1132,special_ch_storm_survivor,10,34,(128:1048576)&&(128:32),,
1133,special_ch_storm_hunter,10,38,,,
1134,special_ch_storm_slayer,10,34,(2:5),,
1135,special_ch_storm_mountain,10,34,(128:1048576)&&(1:11),,
1136,african_gear_bitfield_zm,5,16,,,
1137,outlaw_gear_bitfield_zm,5,16,,,
1138,arabic_gear_bitfield_zm,5,16,,,
1139,zm_boss_generic_reward,5,38,,,
1140,zm_boss_generic_reward_small,5,38,,,
1141,wicht_gear_bitfield_zm,5,16,,,
1142,zm_master_prestige_reward,5,16,,,
1143,zm_challenge_final_reward,5,16,,,
1144,zm_master_prestige_reward2,5,16,,,
1145,zm_master_prestige_reward3,5,16,,,
1146,played_after_activision_anniversary,5,13,,,
2000,community_ch_orders_t1,13,17,,,
2001,community_ch_orders_t2,13,17,,,
2002,community_ch_orders_t3,13,17,,,
2003,community_ch_orders_t4,13,17,,,
2004,community_ch_orders_t5,13,17,,,
2005,community_ch_zombies_t1,13,34,,,
2006,community_ch_zombies_t2,13,34,,,
2007,community_ch_zombies_t3,13,34,,,
2008,community_ch_zombies_t4,13,34,,,
2009,community_ch_zombies_t5,13,34,,,
2010,community_ch_wins_t1,13,5,,,
2011,community_ch_wins_t2,13,5,,,
2012,community_ch_wins_t3,13,5,,,
2013,community_ch_wins_t4,13,5,,,
2014,community_ch_wins_t5,13,5,,,
2015,community_ch_divisions_t1,13,1,(130:64),,
2016,community_ch_divisions_t2,13,1,(130:256),,
2017,community_ch_divisions_t3,13,1,(130:512),,
2018,community_ch_divisions_t4,13,1,(130:128),,
2019,community_ch_divisions_t5,13,1,(130:1024),,
2020,ranked_streak_three,5,5,,,
2021,ranked_streak_five,5,5,,,
2022,ranked_streak_ten,5,5,,,
2023,community_ch_streaks_t1,13,4,,,
2024,community_ch_streaks_t2,13,4,,,
2025,community_ch_streaks_t3,13,4,,,
2026,community_ch_streaks_t4,13,4,,,
2027,community_ch_streaks_t5,13,4,,,
2028,community_ch_melee_t1,13,1,(128:134217728),,
2029,community_ch_melee_t2,13,1,(128:134217728),,
2030,community_ch_melee_t3,13,1,(128:134217728),,
2031,community_ch_melee_t4,13,1,(128:134217728),,
2032,community_ch_melee_t5,13,1,(128:134217728),,
3000,daily_ch_ab_lmg_kills_ll,1,1,(1:3),,
3001,daily_ch_ab_lmg_kills_hl,1,1,(1:3),,
3002,daily_ch_ab_lmg_kills_lh,1,1,(1:3),,
3003,daily_ch_ab_lmg_kills_hh,1,1,(1:3),,
3004,daily_ch_ab_tdm_kills_ll,1,1,(2:1),,
3005,daily_ch_ab_tdm_kills_hl,1,1,(2:1),,
3006,daily_ch_ab_tdm_kills_lh,1,1,(2:1),,
3007,daily_ch_ab_tdm_kills_hh,1,1,(2:1),,
3008,daily_ch_ab_war_kills_ll,1,1,(2:5),,
3009,daily_ch_ab_war_kills_hl,1,1,(2:5),,
3010,daily_ch_ab_war_kills_lh,1,1,(2:5),,
3011,daily_ch_ab_war_kills_hh,1,1,(2:5),,
3012,daily_ch_ab_assists_ll,1,32,,,
3013,daily_ch_ab_assists_hl,1,32,,,
3014,daily_ch_ab_assists_lh,1,32,,,
3015,daily_ch_ab_assists_hh,1,32,,,
3016,daily_ch_rifle_norm,1,1,(1:1),,
3017,daily_ch_smg_norm,1,1,(1:2),,
3018,daily_ch_kills_norm,1,1,,,
3019,daily_ch_headshots_norm,1,1,(6:1),,
3020,daily_ch_rifle_sd_low,1,1,(1:1),,
3021,daily_ch_rifle_sd_med,1,1,(1:1),,
3022,daily_ch_rifle_sd_high,1,1,(1:1),,
3023,daily_ch_smg_sd_low,1,1,(1:2),,
3024,daily_ch_smg_sd_med,1,1,(1:2),,
3025,daily_ch_smg_sd_high,1,1,(1:2),,
3026,daily_ch_kills_ac_low,1,1,,,
3027,daily_ch_kills_ac_med,1,1,,,
3028,daily_ch_kills_ac_high,1,1,,,
3029,daily_ch_headshots_ac_low,1,1,(6:1),,
3030,daily_ch_headshots_ac_med,1,1,(6:1),,
3031,daily_ch_headshots_ac_high,1,1,(6:1),,
3032,daily_ch_rifle_sd_low_hide,1,1,(1:1),,
3033,daily_ch_rifle_sd_med_hide,1,1,(1:1),,
3034,daily_ch_rifle_sd_high_hide,1,1,(1:1),,
3035,daily_ch_smg_sd_low_hide,1,1,(1:2),,
3036,daily_ch_smg_sd_med_hide,1,1,(1:2),,
3037,daily_ch_smg_sd_high_hide,1,1,(1:2),,
3038,daily_ch_kills_ac_low_hide,1,1,,,
3039,daily_ch_kills_ac_med_hide,1,1,,,
3040,daily_ch_kills_ac_high_hide,1,1,,,
3041,daily_ch_headshots_ac_low_hide,1,1,(6:1),,
3042,daily_ch_headshots_ac_med_hide,1,1,(6:1),,
3043,daily_ch_headshots_ac_high_hide,1,1,(6:1),,
3044,special_ch_discount_ab,3,1,,,
3045,contract_ch_kg,4,1,(1:1),,
3046,contract_ch_gdb,4,1,(1:1)&&(6:1),,
3047,contract_ch_wimmer,4,1,(1:1),,
3048,contract_ch_lad,4,1,(1:3)&&(6:1),,
3049,contract_ch_chatellerault,4,1,(128:8192)||(128:16384),,
3050,contract_ch_austen,4,1,(128:33554432),,
3051,contract_ch_bechowiec,4,1,(1:2),,
3052,contract_ch_blyskawica,4,2,,,
3053,contract_ch_m2,4,1,(128:33554432),,
3054,contract_ch_erma,4,1,(1:2)&&(6:1),,
3055,contract_ch_m36,4,1,(1:5)&&(6:1),,
3056,contract_ch_wz,4,1,(1:5),,
3057,contract_ch_dagger,4,1,(3:2),,
3058,daily_ch_special_theater_watch_2,1,11,,,
